{
  "next-env.d.ts": 1776128941.3004594,
  "next.config.ts": 1776066145.0048037,
  "tailwind.config.ts": 1776064273.7784982,
  "src\\app\\layout.tsx": 1776064273.7184148,
  "src\\app\\not-found.tsx": 1776064273.7184148,
  "src\\app\\page.tsx": 1776064273.72041,
  "src\\components\\pixelplay\\AboutMePage.tsx": 1776129110.3622339,
  "src\\components\\pixelplay\\AgendaNesBackground.tsx": 1776064273.7224045,
  "src\\components\\pixelplay\\AthleteStarNesBackground.tsx": 1776064273.7234018,
  "src\\components\\pixelplay\\BootScreen.tsx": 1776064273.7243993,
  "src\\components\\pixelplay\\BugDodgeGame.tsx": 1776066145.0048037,
  "src\\components\\pixelplay\\Certified.tsx": 1776129110.3622339,
  "src\\components\\pixelplay\\ContactForm.tsx": 1776064273.7278442,
  "src\\components\\pixelplay\\GameStation.tsx": 1776064273.7288413,
  "src\\components\\pixelplay\\LoadingScreen.tsx": 1776064273.729838,
  "src\\components\\pixelplay\\LockerRoomNesBackground.tsx": 1776064273.729838,
  "src\\components\\pixelplay\\MainMenu.tsx": 1776066145.0048037,
  "src\\components\\pixelplay\\PadelNesBackground.tsx": 1776064273.7318335,
  "src\\components\\pixelplay\\ProjectList.tsx": 1776066145.0067983,
  "src\\components\\pixelplay\\SettingsPage.tsx": 1776066149.293577,
  "src\\components\\pixelplay\\TrophyRoomNesBackground.tsx": 1776064273.734584,
  "src\\components\\ui\\accordion.tsx": 1776064273.7365642,
  "src\\components\\ui\\alert-dialog.tsx": 1776064273.7371528,
  "src\\components\\ui\\alert.tsx": 1776064273.7383487,
  "src\\components\\ui\\avatar.tsx": 1776064273.7393453,
  "src\\components\\ui\\badge.tsx": 1776064273.7403426,
  "src\\components\\ui\\button.tsx": 1776064273.7413402,
  "src\\components\\ui\\calendar.tsx": 1776064273.7413402,
  "src\\components\\ui\\card.tsx": 1776064273.7423372,
  "src\\components\\ui\\carousel.tsx": 1776064273.7433348,
  "src\\components\\ui\\chart.tsx": 1776064273.744332,
  "src\\components\\ui\\checkbox.tsx": 1776064273.745329,
  "src\\components\\ui\\collapsible.tsx": 1776064273.7464225,
  "src\\components\\ui\\dialog.tsx": 1776064273.7469368,
  "src\\components\\ui\\dropdown-menu.tsx": 1776064273.7479303,
  "src\\components\\ui\\form.tsx": 1776064273.748929,
  "src\\components\\ui\\input.tsx": 1776064273.7499254,
  "src\\components\\ui\\label.tsx": 1776064273.7509227,
  "src\\components\\ui\\menubar.tsx": 1776064273.751706,
  "src\\components\\ui\\popover.tsx": 1776064273.7527318,
  "src\\components\\ui\\progress.tsx": 1776064273.7537246,
  "src\\components\\ui\\radio-group.tsx": 1776064273.7547226,
  "src\\components\\ui\\scroll-area.tsx": 1776064273.7547226,
  "src\\components\\ui\\select.tsx": 1776064273.7567172,
  "src\\components\\ui\\separator.tsx": 1776064273.7567172,
  "src\\components\\ui\\sheet.tsx": 1776064273.7587116,
  "src\\components\\ui\\sidebar.tsx": 1776064273.7587116,
  "src\\components\\ui\\skeleton.tsx": 1776064273.7607062,
  "src\\components\\ui\\slider.tsx": 1776064273.7617464,
  "src\\components\\ui\\switch.tsx": 1776064273.7626576,
  "src\\components\\ui\\table.tsx": 1776064273.7632532,
  "src\\components\\ui\\tabs.tsx": 1776064273.7642505,
  "src\\components\\ui\\textarea.tsx": 1776064273.7652473,
  "src\\components\\ui\\toast.tsx": 1776064273.7662454,
  "src\\components\\ui\\toaster.tsx": 1776064273.7662454,
  "src\\components\\ui\\tooltip.tsx": 1776064273.7672417,
  "src\\hooks\\use-mobile.tsx": 1776064273.7682397,
  "src\\hooks\\use-toast.ts": 1776064273.7693224,
  "src\\hooks\\useArcadeSounds.ts": 1776064273.7703156,
  "src\\hooks\\useBackgroundMusic.ts": 1776064273.7713122,
  "src\\hooks\\useLocalization.tsx": 1776064273.7723098,
  "src\\hooks\\useSoundSettings.ts": 1776064273.7723098,
  "src\\hooks\\useVisualSettings.tsx": 1776064273.774509,
  "src\\lib\\utils.ts": 1776064273.7755065,
  "GEMINI.md": 1776129319.36064,
  "README.md": 1776064273.623771,
  "docs\\blueprint.md": 1776064273.6267633,
  "public\\pacman-bg.svg": 1776064273.6814263,
  "public\\picture.jpg": 1776064273.6824205,
  "public\\certified\\FiturBaruLaravel7.jpg": 1776064273.6446571,
  "public\\certified\\GITuntukPemula.jpg": 1776064273.6466498,
  "public\\certified\\HTMLdanCSS.jpg": 1776064273.6496406,
  "public\\certified\\JavaScriptDasar.jpg": 1776064273.6526327,
  "public\\certified\\Laravel6Intermediate.jpg": 1776064273.6536317,
  "public\\certified\\Laravel8xFundamental.jpg": 1776064273.6556256,
  "public\\certified\\LaravelDevelopment.jpg": 1776064273.6576202,
  "public\\certified\\MengenalPemrogramanKomputer.jpg": 1776064273.659615,
  "public\\certified\\MenggunakanBootstrapFramework.jpg": 1776064273.6616085,
  "public\\certified\\OOPPHP.jpg": 1776064273.6646008,
  "public\\certified\\OracleDatabaseDesign.jpg": 1776064273.6685905,
  "public\\certified\\ORACLEDATABASEPROGRAMMINGWITHSQL.jpg": 1776064273.6665964,
  "public\\certified\\PemrogramanPHP.jpg": 1776064273.6715822,
  "public\\certified\\PenggunaanDatabaseMySQLpadaPemrogramanPHP.jpg": 1776064273.6745744,
  "public\\certified\\PythonEssentials1.jpg": 1776064273.6765692,
  "public\\certified\\PythonEssentials2.jpg": 1776064273.68007,
  "public\\project\\battleParty.png": 1776064273.6860368,
  "public\\project\\bayargess.png": 1776064273.6883843,
  "public\\project\\cewekalcer.png": 1776064273.6913724,
  "public\\project\\cvlization.png": 1776064273.6933675,
  "public\\project\\gridstation.png": 1776064273.704925,
  "public\\project\\PDF-adel.png": 1776064273.6840384,
  "public\\project\\rekonmatch.png": 1776064273.709423,
  "public\\project\\tanma.png": 1776064273.7104194
}